{"cameraMode":{"drawMode":0,"name":"Shaded","section":"Shading Mode"},"sceneLighting":false,"audioPlay":false,"sceneViewState":{"m_AlwaysRefresh":false,"showFog":true,"showSkybox":false,"showFlares":true,"showImageEffects":true,"showParticleSystems":true,"showVisualEffectGraphs":true,"m_FxEnabled":true},"in2DMode":false,"pivot":{"x":-0.13850200176239015,"y":0.5573713779449463,"z":-0.23018932342529298},"rotation":{"x":-0.08899883180856705,"y":0.8807352185249329,"z":-0.19061385095119477,"w":-0.42570218443870547},"size":2.189300537109375,"orthographic":false}