{"cameraMode":{"drawMode":0,"name":"Shaded","section":"Shading Mode"},"sceneLighting":true,"audioPlay":false,"sceneViewState":{"m_AlwaysRefresh":false,"showFog":true,"showSkybox":true,"showFlares":true,"showImageEffects":true,"showParticleSystems":true,"showVisualEffectGraphs":true,"m_FxEnabled":true},"in2DMode":false,"pivot":{"x":1000.763671875,"y":347.80682373046877,"z":1027.638427734375},"rotation":{"x":0.12004003673791886,"y":-0.025846781209111215,"z":0.0067214276641607288,"w":0.993732750415802},"size":1116.5482177734375,"orthographic":false}