{"cameraMode":{"drawMode":0,"name":"Shaded","section":"Shading Mode"},"sceneLighting":false,"audioPlay":false,"sceneViewState":{"m_AlwaysRefresh":false,"showFog":true,"showSkybox":false,"showFlares":true,"showImageEffects":true,"showParticleSystems":true,"showVisualEffectGraphs":true,"m_FxEnabled":true},"in2DMode":false,"pivot":{"x":0.00891876220703125,"y":1.5660290718078614,"z":-0.3838925361633301},"rotation":{"x":0.13450980186462403,"y":0.7298516631126404,"z":-0.14433647692203523,"w":0.6565121412277222},"size":2.738696336746216,"orthographic":false}