{"cameraMode":{"drawMode":0,"name":"Shaded","section":"Shading Mode"},"sceneLighting":false,"audioPlay":false,"sceneViewState":{"m_AlwaysRefresh":false,"showFog":true,"showSkybox":false,"showFlares":true,"showImageEffects":true,"showParticleSystems":true,"showVisualEffectGraphs":true,"m_FxEnabled":true},"in2DMode":false,"pivot":{"x":-0.4013580083847046,"y":0.5357015132904053,"z":0.2068328857421875},"rotation":{"x":-0.15883898735046388,"y":-0.03601992130279541,"z":0.002855745842680335,"w":-0.9879447817802429},"size":5.431390285491943,"orthographic":false}